disease,rank_baseline,score_baseline,rank_dalys_+20%,score_dalys_+20%,rank_dalys_-20%,score_dalys_-20%,rank_dalys_+50%,score_dalys_+50%,rank_dalys_-50%,score_dalys_-50%,rank_deaths_+20%,score_deaths_+20%,rank_deaths_-20%,score_deaths_-20%,rank_deaths_+50%,score_deaths_+50%,rank_deaths_-50%,score_deaths_-50%,rank_prevalence_+20%,score_prevalence_+20%,rank_prevalence_-20%,score_prevalence_-20%,rank_prevalence_+50%,score_prevalence_+50%,rank_prevalence_-50%,score_prevalence_-50%
HIV/AIDS,24,20.133395872602197,24,24.160075047122636,24,16.106716698081758,24,30.200093808903297,24,10.066697936301098,24,20.133395872602197,24,20.133395872602197,24,20.133395872602197,24,20.133395872602197,24,20.133395872602197,24,20.133395872602197,24,20.133395872602197,24,20.133395872602197
Sexually transmitted infections excluding HIV,69,3.976655543845328,69,4.771986652614394,69,3.1813244350762626,69,5.9649833157679915,69,1.988327771922664,69,3.976655543845328,69,3.976655543845328,69,3.976655543845328,69,3.976655543845328,69,3.976655543845328,69,3.976655543845328,69,3.976655543845328,69,3.976655543845328
Lower respiratory infections,6,41.267420269546264,6,49.52090432345552,6,33.01393621563701,6,61.901130404319396,6,20.633710134773132,6,41.267420269546264,6,41.267420269546264,6,41.267420269546264,6,41.267420269546264,6,41.267420269546264,6,41.267420269546264,6,41.267420269546264,6,41.267420269546264
Upper respiratory infections,76,2.8394433864137225,76,3.407332063696467,76,2.271554709130978,76,4.259165079620583,76,1.4197216932068613,76,2.8394433864137225,76,2.8394433864137225,76,2.8394433864137225,76,2.8394433864137225,76,2.8394433864137225,76,2.8394433864137225,76,2.8394433864137225,76,2.8394433864137225
Otitis media,118,1.2398114486136926,118,1.4877737383364311,118,0.9918491588909542,118,1.859717172920539,118,0.6199057243068463,118,1.2398114486136926,118,1.2398114486136926,118,1.2398114486136926,118,1.2398114486136926,118,1.2398114486136926,118,1.2398114486136926,118,1.2398114486136926,118,1.2398114486136926
COVID-19,1,106.00479798349878,1,127.20575758019852,1,84.80383838679903,1,159.00719697524818,1,53.00239899174939,1,106.00479798349878,1,106.00479798349878,1,106.00479798349878,1,106.00479798349878,1,106.00479798349878,1,106.00479798349878,1,106.00479798349878,1,106.00479798349878
Tuberculosis,16,23.488731280871914,16,28.186477537046297,16,18.79098502469753,16,35.23309692130787,16,11.744365640435957,16,23.488731280871914,16,23.488731280871914,16,23.488731280871914,16,23.488731280871914,16,23.488731280871914,16,23.488731280871914,16,23.488731280871914,16,23.488731280871914
Diarrheal diseases,11,29.49190839648485,11,35.39029007578182,11,23.59352671718788,11,44.237862594727275,11,14.745954198242424,11,29.49190839648485,11,29.49190839648485,11,29.49190839648485,11,29.49190839648485,11,29.49190839648485,11,29.49190839648485,11,29.49190839648485,11,29.49190839648485
Typhoid and paratyphoid,67,4.049787231861859,67,4.859744678234231,67,3.239829785489487,67,6.074680847792788,67,2.0248936159309294,67,4.049787231861859,67,4.049787231861859,67,4.049787231861859,67,4.049787231861859,67,4.049787231861859,67,4.049787231861859,67,4.049787231861859,67,4.049787231861859
Invasive Non-typhoidal Salmonella (iNTS),86,2.370117350403353,86,2.8441408204840237,86,1.8960938803226826,86,3.5551760256050295,86,1.1850586752016765,86,2.370117350403353,86,2.370117350403353,86,2.370117350403353,86,2.370117350403353,86,2.370117350403353,86,2.370117350403353,86,2.370117350403353,86,2.370117350403353
Other intestinal infectious diseases,166,0.05269083748222661,166,0.06322900497867193,166,0.042152669985781294,166,0.07903625622333992,166,0.026345418741113305,166,0.05269083748222661,166,0.05269083748222661,166,0.05269083748222661,166,0.05269083748222661,166,0.05269083748222661,166,0.05269083748222661,166,0.05269083748222661,166,0.05269083748222661
Malaria,13,27.587030351009943,13,33.10443642121193,13,22.069624280807957,13,41.380545526514915,13,13.793515175504972,13,27.587030351009943,13,27.587030351009943,13,27.587030351009943,13,27.587030351009943,13,27.587030351009943,13,27.587030351009943,13,27.587030351009943,13,27.587030351009943
Dengue,122,1.038262345320163,122,1.2459148143841954,122,0.8306098762561304,122,1.5573935179802443,122,0.5191311726600815,122,1.038262345320163,122,1.038262345320163,122,1.038262345320163,122,1.038262345320163,122,1.038262345320163,122,1.038262345320163,122,1.038262345320163,122,1.038262345320163
Yellow fever,161,0.15889597430952454,161,0.19067516917142943,161,0.12711677944761965,161,0.23834396146428682,161,0.07944798715476227,161,0.15889597430952454,161,0.15889597430952454,161,0.15889597430952454,161,0.15889597430952454,161,0.15889597430952454,161,0.15889597430952454,161,0.15889597430952454,161,0.15889597430952454
Rabies,156,0.284775140852983,156,0.3417301690235796,156,0.22782011268238642,156,0.42716271127947447,156,0.1423875704264915,156,0.284775140852983,156,0.284775140852983,156,0.284775140852983,156,0.284775140852983,156,0.284775140852983,156,0.284775140852983,156,0.284775140852983,156,0.284775140852983
Intestinal nematode infections,132,0.6908204867854436,132,0.8289845841425323,132,0.5526563894283549,132,1.0362307301781655,132,0.3454102433927218,132,0.6908204867854436,132,0.6908204867854436,132,0.6908204867854436,132,0.6908204867854436,132,0.6908204867854436,132,0.6908204867854436,132,0.6908204867854436,132,0.6908204867854436
Schistosomiasis,125,0.8731666528462788,125,1.0477999834155345,125,0.6985333222770231,125,1.3097499792694183,125,0.4365833264231394,125,0.8731666528462788,125,0.8731666528462788,125,0.8731666528462788,125,0.8731666528462788,125,0.8731666528462788,125,0.8731666528462788,125,0.8731666528462788,125,0.8731666528462788
Leishmaniasis,153,0.3905938037316275,153,0.46871256447795295,153,0.31247504298530204,153,0.5858907055974413,153,0.19529690186581375,153,0.3905938037316275,153,0.3905938037316275,153,0.3905938037316275,153,0.3905938037316275,153,0.3905938037316275,153,0.3905938037316275,153,0.3905938037316275,153,0.3905938037316275
Lymphatic filariasis,135,0.6572816997712472,135,0.7887380397254966,135,0.5258253598169977,135,0.9859225496568708,135,0.3286408498856236,135,0.6572816997712472,135,0.6572816997712472,135,0.6572816997712472,135,0.6572816997712472,135,0.6572816997712472,135,0.6572816997712472,135,0.6572816997712472,135,0.6572816997712472
Onchocerciasis,136,0.6314940627092368,136,0.7577928752510842,136,0.5051952501673894,136,0.9472410940638551,136,0.3157470313546184,136,0.6314940627092368,136,0.6314940627092368,136,0.6314940627092368,136,0.6314940627092368,136,0.6314940627092368,136,0.6314940627092368,136,0.6314940627092368,136,0.6314940627092368
Trachoma,165,0.061595118703481055,165,0.07391414244417727,165,0.049276094962784844,165,0.09239267805522158,165,0.030797559351740528,165,0.061595118703481055,165,0.061595118703481055,165,0.061595118703481055,165,0.061595118703481055,165,0.061595118703481055,165,0.061595118703481055,165,0.061595118703481055,165,0.061595118703481055
Chagas disease,164,0.11929464260714928,164,0.14315357112857913,164,0.09543571408571944,164,0.17894196391072392,164,0.05964732130357464,164,0.11929464260714928,164,0.11929464260714928,164,0.11929464260714928,164,0.11929464260714928,164,0.11929464260714928,164,0.11929464260714928,164,0.11929464260714928,164,0.11929464260714928
African trypanosomiasis,168,0.03098124133830179,168,0.03717748960596214,168,0.024784993070641432,168,0.04647186200745268,168,0.015490620669150895,168,0.03098124133830179,168,0.03098124133830179,168,0.03098124133830179,168,0.03098124133830179,168,0.03098124133830179,168,0.03098124133830179,168,0.03098124133830179,168,0.03098124133830179
Cysticercosis,138,0.6179694962314357,138,0.7415633954777229,138,0.4943755969851486,138,0.9269542443471536,138,0.30898474811571786,138,0.6179694962314357,138,0.6179694962314357,138,0.6179694962314357,138,0.6179694962314357,138,0.6179694962314357,138,0.6179694962314357,138,0.6179694962314357,138,0.6179694962314357
Cystic echinococcosis,167,0.0525357838022379,167,0.06304294056268547,167,0.04202862704179032,167,0.07880367570335685,167,0.02626789190111895,167,0.0525357838022379,167,0.0525357838022379,167,0.0525357838022379,167,0.0525357838022379,167,0.0525357838022379,167,0.0525357838022379,167,0.0525357838022379,167,0.0525357838022379
Leprosy,169,0.010713754256576316,169,0.01285650510789158,169,0.008571003405261053,169,0.016070631384864476,169,0.005356877128288158,169,0.010713754256576316,169,0.010713754256576316,169,0.010713754256576316,169,0.010713754256576316,169,0.010713754256576316,169,0.010713754256576316,169,0.010713754256576316,169,0.010713754256576316
Food-borne trematodiases,147,0.4990142586716076,147,0.5988171104059291,147,0.3992114069372861,147,0.7485213880074114,147,0.2495071293358038,147,0.4990142586716076,147,0.4990142586716076,147,0.4990142586716076,147,0.4990142586716076,147,0.4990142586716076,147,0.4990142586716076,147,0.4990142586716076,147,0.4990142586716076
Other neglected tropical diseases,92,2.109151123584053,92,2.5309813483008634,92,1.6873208988672426,92,3.1637266853760795,92,1.0545755617920265,92,2.109151123584053,92,2.109151123584053,92,2.109151123584053,92,2.109151123584053,92,2.109151123584053,92,2.109151123584053,92,2.109151123584053,92,2.109151123584053
Ebola,170,0.0013011654247129128,170,0.0015613985096554954,170,0.0010409323397703302,170,0.0019517481370693692,170,0.0006505827123564564,170,0.0013011654247129128,170,0.0013011654247129128,170,0.0013011654247129128,170,0.0013011654247129128,170,0.0013011654247129128,170,0.0013011654247129128,170,0.0013011654247129128,170,0.0013011654247129128
Zika virus,5,78.97364719995113,5,94.76837663994135,5,63.17891775996091,5,118.4604707999267,5,39.486823599975565,5,78.97364719995113,5,78.97364719995113,5,78.97364719995113,5,78.97364719995113,5,78.97364719995113,5,78.97364719995113,5,78.97364719995113,5,78.97364719995113
Guinea worm disease,150,0.42743800478679755,150,0.512925605744157,150,0.3419504038294381,150,0.6411570071801963,150,0.21371900239339878,150,0.42743800478679755,150,0.42743800478679755,150,0.42743800478679755,150,0.42743800478679755,150,0.42743800478679755,150,0.42743800478679755,150,0.42743800478679755,150,0.42743800478679755
Meningitis,43,7.255523241206078,43,8.706627889447294,43,5.804418592964863,43,10.883284861809118,43,3.627761620603039,43,7.255523241206078,43,7.255523241206078,43,7.255523241206078,43,7.255523241206078,43,7.255523241206078,43,7.255523241206078,43,7.255523241206078,43,7.255523241206078
Encephalitis,82,2.4764092889488016,82,2.971691146738562,82,1.9811274311590414,82,3.7146139334232027,82,1.2382046444744008,82,2.4764092889488016,82,2.4764092889488016,82,2.4764092889488016,82,2.4764092889488016,82,2.4764092889488016,82,2.4764092889488016,82,2.4764092889488016,82,2.4764092889488016
Acute hepatitis,91,2.1140240645285604,91,2.536828877434272,91,1.6912192516228484,91,3.1710360967928404,91,1.0570120322642802,91,2.1140240645285604,91,2.1140240645285604,91,2.1140240645285604,91,2.1140240645285604,91,2.1140240645285604,91,2.1140240645285604,91,2.1140240645285604,91,2.1140240645285604
Measles,84,2.439263316747428,84,2.927115980096913,84,1.9514106533979423,84,3.6588949751211417,84,1.219631658373714,84,2.439263316747428,84,2.439263316747428,84,2.439263316747428,84,2.439263316747428,84,2.439263316747428,84,2.439263316747428,84,2.439263316747428,84,2.439263316747428
Tetanus,133,0.6707566852766359,133,0.804908022331963,133,0.5366053482213088,133,1.006135027914954,133,0.33537834263831795,133,0.6707566852766359,133,0.6707566852766359,133,0.6707566852766359,133,0.6707566852766359,133,0.6707566852766359,133,0.6707566852766359,133,0.6707566852766359,133,0.6707566852766359
Pertussis,87,2.307043027763533,87,2.7684516333162397,87,1.8456344222108265,87,3.4605645416452995,87,1.1535215138817665,87,2.307043027763533,87,2.307043027763533,87,2.307043027763533,87,2.307043027763533,87,2.307043027763533,87,2.307043027763533,87,2.307043027763533,87,2.307043027763533
Diphtheria,160,0.1591019120715122,160,0.19092229448581463,160,0.12728152965720976,160,0.2386528681072683,160,0.0795509560357561,160,0.1591019120715122,160,0.1591019120715122,160,0.1591019120715122,160,0.1591019120715122,160,0.1591019120715122,160,0.1591019120715122,160,0.1591019120715122,160,0.1591019120715122
Varicella and herpes zoster,149,0.44303327033272066,149,0.5316399243992648,149,0.35442661626617655,149,0.664549905499081,149,0.22151663516636033,149,0.44303327033272066,149,0.44303327033272066,149,0.44303327033272066,149,0.44303327033272066,149,0.44303327033272066,149,0.44303327033272066,149,0.44303327033272066,149,0.44303327033272066
Other unspecified infectious diseases,75,2.9259803816180936,75,3.5111764579417124,75,2.340784305294475,75,4.388970572427141,75,1.4629901908090468,75,2.9259803816180936,75,2.9259803816180936,75,2.9259803816180936,75,2.9259803816180936,75,2.9259803816180936,75,2.9259803816180936,75,2.9259803816180936,75,2.9259803816180936
Maternal disorders,48,6.157010615673534,48,7.38841273880824,48,4.925608492538828,48,9.2355159235103,48,3.078505307836767,48,6.157010615673534,48,6.157010615673534,48,6.157010615673534,48,6.157010615673534,48,6.157010615673534,48,6.157010615673534,48,6.157010615673534,48,6.157010615673534
Neonatal disorders,3,93.18300588719444,3,111.81960706463333,3,74.54640470975555,3,139.77450883079166,3,46.59150294359722,3,93.18300588719444,3,93.18300588719444,3,93.18300588719444,3,93.18300588719444,3,93.18300588719444,3,93.18300588719444,3,93.18300588719444,3,93.18300588719444
Protein-energy malnutrition,50,5.913065401539156,50,7.095678481846988,50,4.730452321231325,50,8.869598102308734,50,2.956532700769578,50,5.913065401539156,50,5.913065401539156,50,5.913065401539156,50,5.913065401539156,50,5.913065401539156,50,5.913065401539156,50,5.913065401539156,50,5.913065401539156
Dietary iron deficiency,26,16.15787544879547,26,19.389450538554563,26,12.926300359036375,26,24.236813173193205,26,8.078937724397734,26,16.15787544879547,26,16.15787544879547,26,16.15787544879547,26,16.15787544879547,26,16.15787544879547,26,16.15787544879547,26,16.15787544879547,26,16.15787544879547
Iodine deficiency,121,1.1231671862489931,121,1.3478006234987918,121,0.8985337489991946,121,1.6847507793734897,121,0.5615835931244966,121,1.1231671862489931,121,1.1231671862489931,121,1.1231671862489931,121,1.1231671862489931,121,1.1231671862489931,121,1.1231671862489931,121,1.1231671862489931,121,1.1231671862489931
Vitamin A deficiency,142,0.5524657453499454,142,0.6629588944199345,142,0.44197259627995633,142,0.8286986180249181,142,0.2762328726749727,142,0.5524657453499454,142,0.5524657453499454,142,0.5524657453499454,142,0.5524657453499454,142,0.5524657453499454,142,0.5524657453499454,142,0.5524657453499454,142,0.5524657453499454
Other nutritional deficiencies,131,0.7130567472334893,131,0.8556680966801872,131,0.5704453977867915,131,1.069585120850234,131,0.35652837361674466,131,0.7130567472334893,131,0.7130567472334893,131,0.7130567472334893,131,0.7130567472334893,131,0.7130567472334893,131,0.7130567472334893,131,0.7130567472334893,131,0.7130567472334893
Breast cancer,36,10.31785908896337,36,12.381430906756044,36,8.254287271170696,36,15.476788633445056,36,5.158929544481685,36,10.31785908896337,36,10.31785908896337,36,10.31785908896337,36,10.31785908896337,36,10.31785908896337,36,10.31785908896337,36,10.31785908896337,36,10.31785908896337
Cervical cancer,58,4.9558265455088675,58,5.946991854610641,58,3.9646612364070943,58,7.433739818263302,58,2.4779132727544337,58,4.9558265455088675,58,4.9558265455088675,58,4.9558265455088675,58,4.9558265455088675,58,4.9558265455088675,58,4.9558265455088675,58,4.9558265455088675,58,4.9558265455088675
Uterine cancer,115,1.281471490438156,115,1.537765788525787,115,1.0251771923505248,115,1.922207235657234,115,0.640735745219078,115,1.281471490438156,115,1.281471490438156,115,1.281471490438156,115,1.281471490438156,115,1.281471490438156,115,1.281471490438156,115,1.281471490438156,115,1.281471490438156
Ovarian cancer,79,2.581628152321779,79,3.0979537827861345,79,2.0653025218574235,79,3.8724422284826687,79,1.2908140761608895,79,2.581628152321779,79,2.581628152321779,79,2.581628152321779,79,2.581628152321779,79,2.581628152321779,79,2.581628152321779,79,2.581628152321779,79,2.581628152321779
Prostate cancer,66,4.070780536136921,66,4.884936643364305,66,3.2566244289095367,66,6.106170804205381,66,2.0353902680684604,66,4.070780536136921,66,4.070780536136921,66,4.070780536136921,66,4.070780536136921,66,4.070780536136921,66,4.070780536136921,66,4.070780536136921,66,4.070780536136921
Testicular cancer,157,0.2804607307848041,157,0.3365528769417649,157,0.2243685846278433,157,0.4206910961772061,157,0.14023036539240205,157,0.2804607307848041,157,0.2804607307848041,157,0.2804607307848041,157,0.2804607307848041,157,0.2804607307848041,157,0.2804607307848041,157,0.2804607307848041,157,0.2804607307848041
Colon and rectum cancer,31,12.20055008998263,31,14.640660107979155,31,9.760440071986103,31,18.300825134973945,31,6.100275044991315,31,12.20055008998263,31,12.20055008998263,31,12.20055008998263,31,12.20055008998263,31,12.20055008998263,31,12.20055008998263,31,12.20055008998263,31,12.20055008998263
Lip and oral cavity cancer,74,2.9370348127018455,74,3.5244417752422144,74,2.3496278501614767,74,4.405552219052768,74,1.4685174063509228,74,2.9370348127018455,74,2.9370348127018455,74,2.9370348127018455,74,2.9370348127018455,74,2.9370348127018455,74,2.9370348127018455,74,2.9370348127018455,74,2.9370348127018455
Nasopharynx cancer,117,1.2450957241931546,117,1.4941148690317856,117,0.9960765793545238,117,1.867643586289732,117,0.6225478620965773,117,1.2450957241931546,117,1.2450957241931546,117,1.2450957241931546,117,1.2450957241931546,117,1.2450957241931546,117,1.2450957241931546,117,1.2450957241931546,117,1.2450957241931546
Other pharynx cancer,111,1.4218904255084972,111,1.7062685106101967,111,1.1375123404067977,111,2.132835638262746,111,0.7109452127542486,111,1.4218904255084972,111,1.4218904255084972,111,1.4218904255084972,111,1.4218904255084972,111,1.4218904255084972,111,1.4218904255084972,111,1.4218904255084972,111,1.4218904255084972
Esophageal cancer,45,6.499632452453601,45,7.799558942944321,45,5.199705961962881,45,9.749448678680402,45,3.2498162262268004,45,6.499632452453601,45,6.499632452453601,45,6.499632452453601,45,6.499632452453601,45,6.499632452453601,45,6.499632452453601,45,6.499632452453601,45,6.499632452453601
Stomach cancer,33,11.393316547844274,33,13.671979857413127,33,9.11465323827542,33,17.08997482176641,33,5.696658273922137,33,11.393316547844274,33,11.393316547844274,33,11.393316547844274,33,11.393316547844274,33,11.393316547844274,33,11.393316547844274,33,11.393316547844274,33,11.393316547844274
Liver cancer,46,6.443826207462368,46,7.732591448954841,46,5.155060965969895,46,9.665739311193551,46,3.221913103731184,46,6.443826207462368,46,6.443826207462368,46,6.443826207462368,46,6.443826207462368,46,6.443826207462368,46,6.443826207462368,46,6.443826207462368,46,6.443826207462368
Gallbladder and biliary tract cancer,99,1.8660606575361256,99,2.239272789043351,99,1.4928485260289006,99,2.799090986304188,99,0.9330303287680628,99,1.8660606575361256,99,1.8660606575361256,99,1.8660606575361256,99,1.8660606575361256,99,1.8660606575361256,99,1.8660606575361256,99,1.8660606575361256,99,1.8660606575361256
Pancreatic cancer,54,5.658481675291599,54,6.790178010349918,54,4.526785340233279,54,8.487722512937399,54,2.8292408376457994,54,5.658481675291599,54,5.658481675291599,54,5.658481675291599,54,5.658481675291599,54,5.658481675291599,54,5.658481675291599,54,5.658481675291599,54,5.658481675291599
Larynx cancer,106,1.5716543825697056,106,1.8859852590836466,106,1.2573235060557646,106,2.3574815738545585,106,0.7858271912848528,106,1.5716543825697056,106,1.5716543825697056,106,1.5716543825697056,106,1.5716543825697056,106,1.5716543825697056,106,1.5716543825697056,106,1.5716543825697056,106,1.5716543825697056
"Tracheal, bronchus, and lung cancer",17,23.26813606082966,17,27.921763272995594,17,18.61450884866373,17,34.90220409124449,17,11.63406803041483,17,23.26813606082966,17,23.26813606082966,17,23.26813606082966,17,23.26813606082966,17,23.26813606082966,17,23.26813606082966,17,23.26813606082966,17,23.26813606082966
Malignant skin melanoma,128,0.8394181557216028,128,1.0073017868659233,128,0.6715345245772824,128,1.2591272335824042,128,0.4197090778608014,128,0.8394181557216028,128,0.8394181557216028,128,0.8394181557216028,128,0.8394181557216028,128,0.8394181557216028,128,0.8394181557216028,128,0.8394181557216028,128,0.8394181557216028
Non-melanoma skin cancer,140,0.6064361918401023,140,0.7277234302081228,140,0.48514895347208187,140,0.9096542877601534,140,0.30321809592005117,140,0.6064361918401023,140,0.6064361918401023,140,0.6064361918401023,140,0.6064361918401023,140,0.6064361918401023,140,0.6064361918401023,140,0.6064361918401023,140,0.6064361918401023
Kidney cancer,96,2.0081810585918527,96,2.409817270310223,96,1.6065448468734822,96,3.012271587887779,96,1.0040905292959263,96,2.0081810585918527,96,2.0081810585918527,96,2.0081810585918527,96,2.0081810585918527,96,2.0081810585918527,96,2.0081810585918527,96,2.0081810585918527,96,2.0081810585918527
Bladder cancer,89,2.1985333163716883,89,2.6382399796460256,89,1.7588266530973506,89,3.2977999745575324,89,1.0992666581858441,89,2.1985333163716883,89,2.1985333163716883,89,2.1985333163716883,89,2.1985333163716883,89,2.1985333163716883,89,2.1985333163716883,89,2.1985333163716883,89,2.1985333163716883
Brain and central nervous system cancer,60,4.456297606925188,60,5.347557128310225,60,3.5650380855401504,60,6.684446410387782,60,2.228148803462594,60,4.456297606925188,60,4.456297606925188,60,4.456297606925188,60,4.456297606925188,60,4.456297606925188,60,4.456297606925188,60,4.456297606925188,60,4.456297606925188
Thyroid cancer,137,0.6232423890445243,137,0.7478908668534292,137,0.49859391123561947,137,0.9348635835667864,137,0.31162119452226217,137,0.6232423890445243,137,0.6232423890445243,137,0.6232423890445243,137,0.6232423890445243,137,0.6232423890445243,137,0.6232423890445243,137,0.6232423890445243,137,0.6232423890445243
Mesothelioma,154,0.3446794141436924,154,0.4136152969724309,154,0.27574353131495394,154,0.5170191212155386,154,0.1723397070718462,154,0.3446794141436924,154,0.3446794141436924,154,0.3446794141436924,154,0.3446794141436924,154,0.3446794141436924,154,0.3446794141436924,154,0.3446794141436924,154,0.3446794141436924
Hodgkin lymphoma,141,0.598094112031036,141,0.7177129344372432,141,0.4784752896248288,141,0.897141168046554,141,0.299047056015518,141,0.598094112031036,141,0.598094112031036,141,0.598094112031036,141,0.598094112031036,141,0.598094112031036,141,0.598094112031036,141,0.598094112031036,141,0.598094112031036
Non-Hodgkin lymphoma,70,3.8830316100566837,70,4.65963793206802,70,3.1064252880453473,70,5.824547415085026,70,1.9415158050283419,70,3.8830316100566837,70,3.8830316100566837,70,3.8830316100566837,70,3.8830316100566837,70,3.8830316100566837,70,3.8830316100566837,70,3.8830316100566837,70,3.8830316100566837
Multiple myeloma,114,1.297797494430459,114,1.557356993316551,114,1.0382379955443672,114,1.9466962416456886,114,0.6488987472152296,114,1.297797494430459,114,1.297797494430459,114,1.297797494430459,114,1.297797494430459,114,1.297797494430459,114,1.297797494430459,114,1.297797494430459,114,1.297797494430459
Leukemia,55,5.491418092802265,55,6.589701711362718,55,4.393134474241812,55,8.237127139203398,55,2.7457090464011324,55,5.491418092802265,55,5.491418092802265,55,5.491418092802265,55,5.491418092802265,55,5.491418092802265,55,5.491418092802265,55,5.491418092802265,55,5.491418092802265
Other neoplasms,139,0.6077243350682487,139,0.7292692020818985,139,0.486179468054599,139,0.9115865026023731,139,0.30386216753412437,139,0.6077243350682487,139,0.6077243350682487,139,0.6077243350682487,139,0.6077243350682487,139,0.6077243350682487,139,0.6077243350682487,139,0.6077243350682487,139,0.6077243350682487
Other malignant neoplasms,73,3.2273729569394547,73,3.8728475483273455,73,2.581898365551564,73,4.841059435409182,73,1.6136864784697273,73,3.2273729569394547,73,3.2273729569394547,73,3.2273729569394547,73,3.2273729569394547,73,3.2273729569394547,73,3.2273729569394547,73,3.2273729569394547,73,3.2273729569394547
Malignant neoplasm of bone and articular cartilage,116,1.262913898144345,116,1.515496677773214,116,1.0103311185154762,116,1.8943708472165177,116,0.6314569490721725,116,1.262913898144345,116,1.262913898144345,116,1.262913898144345,116,1.262913898144345,116,1.262913898144345,116,1.262913898144345,116,1.262913898144345,116,1.262913898144345
Soft tissue and other extraosseous sarcomas,129,0.838945952868073,129,1.0067351434416876,129,0.6711567622944585,129,1.2584189293021095,129,0.4194729764340365,129,0.838945952868073,129,0.838945952868073,129,0.838945952868073,129,0.838945952868073,129,0.838945952868073,129,0.838945952868073,129,0.838945952868073,129,0.838945952868073
Eye cancer,158,0.2343742435780009,158,0.28124909229360107,158,0.18749939486240075,158,0.35156136536700133,158,0.11718712178900045,158,0.2343742435780009,158,0.2343742435780009,158,0.2343742435780009,158,0.2343742435780009,158,0.2343742435780009,158,0.2343742435780009,158,0.2343742435780009,158,0.2343742435780009
Neuroblastoma and other peripheral nervous cell tumors,163,0.14273930683544778,163,0.17128716820253734,163,0.11419144546835823,163,0.21410896025317167,163,0.07136965341772389,163,0.14273930683544778,163,0.14273930683544778,163,0.14273930683544778,163,0.14273930683544778,163,0.14273930683544778,163,0.14273930683544778,163,0.14273930683544778,163,0.14273930683544778
Ischemic heart disease,2,94.18027866134004,2,113.01633439360805,2,75.34422292907203,2,141.27041799201007,2,47.09013933067002,2,94.18027866134004,2,94.18027866134004,2,94.18027866134004,2,94.18027866134004,2,94.18027866134004,2,94.18027866134004,2,94.18027866134004,2,94.18027866134004
Stroke,4,80.22861031503841,4,96.27433237804608,4,64.18288825203074,4,120.34291547255762,4,40.114305157519205,4,80.22861031503841,4,80.22861031503841,4,80.22861031503841,4,80.22861031503841,4,80.22861031503841,4,80.22861031503841,4,80.22861031503841,4,80.22861031503841
Hypertensive heart disease,30,12.731092353683747,30,15.277310824420496,30,10.184873882946999,30,19.09663853052562,30,6.365546176841874,30,12.731092353683747,30,12.731092353683747,30,12.731092353683747,30,12.731092353683747,30,12.731092353683747,30,12.731092353683747,30,12.731092353683747,30,12.731092353683747
Rheumatic heart disease,44,6.7131845910984795,44,8.055821509318175,44,5.370547672878784,44,10.06977688664772,44,3.3565922955492398,44,6.7131845910984795,44,6.7131845910984795,44,6.7131845910984795,44,6.7131845910984795,44,6.7131845910984795,44,6.7131845910984795,44,6.7131845910984795,44,6.7131845910984795
Cardiomyopathy and myocarditis,51,5.826978763835431,51,6.992374516602517,51,4.661583011068345,51,8.740468145753146,51,2.9134893819177154,51,5.826978763835431,51,5.826978763835431,51,5.826978763835431,51,5.826978763835431,51,5.826978763835431,51,5.826978763835431,51,5.826978763835431,51,5.826978763835431
Atrial fibrillation and flutter,64,4.179446855985716,64,5.015336227182859,64,3.3435574847885725,64,6.269170283978573,64,2.089723427992858,64,4.179446855985716,64,4.179446855985716,64,4.179446855985716,64,4.179446855985716,64,4.179446855985716,64,4.179446855985716,64,4.179446855985716,64,4.179446855985716
Aortic aneurysm,107,1.553881158037813,107,1.8646573896453753,107,1.2431049264302505,107,2.3308217370567195,107,0.7769405790189065,107,1.553881158037813,107,1.553881158037813,107,1.553881158037813,107,1.553881158037813,107,1.553881158037813,107,1.553881158037813,107,1.553881158037813,107,1.553881158037813
Lower extremity peripheral arterial disease,175,0.0,175,0.0,175,0.0,175,0.0,175,0.0,175,0.0,175,0.0,175,0.0,175,0.0,175,0.0,175,0.0,175,0.0,175,0.0
Endocarditis,123,1.038206445313025,123,1.24584773437563,123,0.8305651562504202,123,1.5573096679695375,123,0.5191032226565125,123,1.038206445313025,123,1.038206445313025,123,1.038206445313025,123,1.038206445313025,123,1.038206445313025,123,1.038206445313025,123,1.038206445313025,123,1.038206445313025
Non-rheumatic valvular heart disease,105,1.619092310132798,105,1.9429107721593577,105,1.2952738481062385,105,2.4286384651991972,105,0.809546155066399,105,1.619092310132798,105,1.619092310132798,105,1.619092310132798,105,1.619092310132798,105,1.619092310132798,105,1.619092310132798,105,1.619092310132798,105,1.619092310132798
Other cardiovascular and circulatory diseases,57,4.992761200252482,57,5.991313440302978,57,3.994208960201986,57,7.489141800378723,57,2.496380600126241,57,4.992761200252482,57,4.992761200252482,57,4.992761200252482,57,4.992761200252482,57,4.992761200252482,57,4.992761200252482,57,4.992761200252482,57,4.992761200252482
Pulmonary Arterial Hypertension,173,0.0,173,0.0,173,0.0,173,0.0,173,0.0,173,0.0,173,0.0,173,0.0,173,0.0,173,0.0,173,0.0,173,0.0,173,0.0
Chronic obstructive pulmonary disease,7,39.88984752657539,7,47.86781703189046,7,31.91187802126031,7,59.834771289863085,7,19.944923763287694,7,39.88984752657539,7,39.88984752657539,7,39.88984752657539,7,39.88984752657539,7,39.88984752657539,7,39.88984752657539,7,39.88984752657539,7,39.88984752657539
Asthma,34,10.711429945271783,34,12.85371593432614,34,8.569143956217427,34,16.067144917907676,34,5.355714972635892,34,10.711429945271783,34,10.711429945271783,34,10.711429945271783,34,10.711429945271783,34,10.711429945271783,34,10.711429945271783,34,10.711429945271783,34,10.711429945271783
Interstitial lung disease and pulmonary sarcoidosis,95,2.0210752444624216,95,2.4252902933549056,95,1.6168601955699373,95,3.0316128666936324,95,1.0105376222312108,95,2.0210752444624216,95,2.0210752444624216,95,2.0210752444624216,95,2.0210752444624216,95,2.0210752444624216,95,2.0210752444624216,95,2.0210752444624216,95,2.0210752444624216
Pneumoconiosis,159,0.22353226122061007,159,0.26823871346473205,159,0.17882580897648806,159,0.3352983918309151,159,0.11176613061030503,159,0.22353226122061007,159,0.22353226122061007,159,0.22353226122061007,159,0.22353226122061007,159,0.22353226122061007,159,0.22353226122061007,159,0.22353226122061007,159,0.22353226122061007
Other chronic respiratory diseases,112,1.405618463509266,112,1.6867421562111191,112,1.1244947708074127,112,2.1084276952638987,112,0.702809231754633,112,1.405618463509266,112,1.405618463509266,112,1.405618463509266,112,1.405618463509266,112,1.405618463509266,112,1.405618463509266,112,1.405618463509266,112,1.405618463509266
Cirrhosis and other chronic liver diseases,18,23.2088885797409,18,27.85066629568908,18,18.56711086379272,18,34.81333286961135,18,11.60444428987045,18,23.2088885797409,18,23.2088885797409,18,23.2088885797409,18,23.2088885797409,18,23.2088885797409,18,23.2088885797409,18,23.2088885797409,18,23.2088885797409
Upper digestive system diseases,41,7.6031914043768785,41,9.123829685252254,41,6.082553123501503,41,11.404787106565317,41,3.8015957021884392,41,7.6031914043768785,41,7.6031914043768785,41,7.6031914043768785,41,7.6031914043768785,41,7.6031914043768785,41,7.6031914043768785,41,7.6031914043768785,41,7.6031914043768785
Inflammatory bowel disease,130,0.755391907379608,130,0.9064702888555296,130,0.6043135259036865,130,1.133087861069412,130,0.377695953689804,130,0.755391907379608,130,0.755391907379608,130,0.755391907379608,130,0.755391907379608,130,0.755391907379608,130,0.755391907379608,130,0.755391907379608,130,0.755391907379608
Paralytic ileus and intestinal obstruction,72,3.332381155761721,72,3.9988573869140653,72,2.665904924609377,72,4.9985717336425814,72,1.6661905778808606,72,3.332381155761721,72,3.332381155761721,72,3.332381155761721,72,3.332381155761721,72,3.332381155761721,72,3.332381155761721,72,3.332381155761721,72,3.332381155761721
Gallbladder and biliary diseases,71,3.867079649562255,71,4.640495579474706,71,3.093663719649804,71,5.8006194743433825,71,1.9335398247811275,71,3.867079649562255,71,3.867079649562255,71,3.867079649562255,71,3.867079649562255,71,3.867079649562255,71,3.867079649562255,71,3.867079649562255,71,3.867079649562255
Pancreatitis,94,2.050576982835022,94,2.4606923794020266,94,1.6404615862680179,94,3.0758654742525335,94,1.025288491417511,94,2.050576982835022,94,2.050576982835022,94,2.050576982835022,94,2.050576982835022,94,2.050576982835022,94,2.050576982835022,94,2.050576982835022,94,2.050576982835022
Appendicitis,134,0.6650813924357581,134,0.7980976709229097,134,0.5320651139486066,134,0.9976220886536372,134,0.3325406962178791,134,0.6650813924357581,134,0.6650813924357581,134,0.6650813924357581,134,0.6650813924357581,134,0.6650813924357581,134,0.6650813924357581,134,0.6650813924357581,134,0.6650813924357581
Vascular intestinal disorders,126,0.8542234196083236,126,1.0250681035299882,126,0.683378735686659,126,1.2813351294124855,126,0.4271117098041618,126,0.8542234196083236,126,0.8542234196083236,126,0.8542234196083236,126,0.8542234196083236,126,0.8542234196083236,126,0.8542234196083236,126,0.8542234196083236,126,0.8542234196083236
"Inguinal, femoral, and abdominal hernia",119,1.1723222684775223,119,1.4067867221730268,119,0.9378578147820179,119,1.7584834027162835,119,0.5861611342387612,119,1.1723222684775223,119,1.1723222684775223,119,1.1723222684775223,119,1.1723222684775223,119,1.1723222684775223,119,1.1723222684775223,119,1.1723222684775223,119,1.1723222684775223
Other digestive diseases,109,1.5009108904535737,109,1.8010930685442883,109,1.2007287123628592,109,2.251366335680361,109,0.7504554452267869,109,1.5009108904535737,109,1.5009108904535737,109,1.5009108904535737,109,1.5009108904535737,109,1.5009108904535737,109,1.5009108904535737,109,1.5009108904535737,109,1.5009108904535737
Alzheimer's disease and other dementias,178,0.0,178,0.0,178,0.0,178,0.0,178,0.0,178,0.0,178,0.0,178,0.0,178,0.0,178,0.0,178,0.0,178,0.0,178,0.0
Parkinson's disease,171,0.0,171,0.0,171,0.0,171,0.0,171,0.0,171,0.0,171,0.0,171,0.0,171,0.0,171,0.0,171,0.0,171,0.0,171,0.0
Idiopathic epilepsy,172,0.0,172,0.0,172,0.0,172,0.0,172,0.0,172,0.0,172,0.0,172,0.0,172,0.0,172,0.0,172,0.0,172,0.0,172,0.0
Multiple sclerosis,148,0.4866491326892038,148,0.5839789592270446,148,0.38931930615136306,148,0.7299736990338057,148,0.2433245663446019,148,0.4866491326892038,148,0.4866491326892038,148,0.4866491326892038,148,0.4866491326892038,148,0.4866491326892038,148,0.4866491326892038,148,0.4866491326892038,148,0.4866491326892038
Motor neuron disease,144,0.5202829891987312,144,0.6243395870384774,144,0.416226391358985,144,0.7804244837980967,144,0.2601414945993656,144,0.5202829891987312,144,0.5202829891987312,144,0.5202829891987312,144,0.5202829891987312,144,0.5202829891987312,144,0.5202829891987312,144,0.5202829891987312,144,0.5202829891987312
Headache disorders,15,23.987837532430426,15,28.78540503891651,15,19.19027002594434,15,35.981756298645635,15,11.993918766215213,15,23.987837532430426,15,23.987837532430426,15,23.987837532430426,15,23.987837532430426,15,23.987837532430426,15,23.987837532430426,15,23.987837532430426,15,23.987837532430426
Other neurological disorders,90,2.178484448095765,90,2.614181337714918,90,1.7427875584766122,90,3.2677266721436475,90,1.0892422240478825,90,2.178484448095765,90,2.178484448095765,90,2.178484448095765,90,2.178484448095765,90,2.178484448095765,90,2.178484448095765,90,2.178484448095765,90,2.178484448095765
Depressive disorders,12,28.16518057455848,12,33.79821668947017,12,22.532144459646787,12,42.24777086183772,12,14.08259028727924,12,28.16518057455848,12,28.16518057455848,12,28.16518057455848,12,28.16518057455848,12,28.16518057455848,12,28.16518057455848,12,28.16518057455848,12,28.16518057455848
Anxiety disorders,23,21.254822639707697,23,25.505787167649235,23,17.00385811176616,23,31.882233959561546,23,10.627411319853849,23,21.254822639707697,23,21.254822639707697,23,21.254822639707697,23,21.254822639707697,23,21.254822639707697,23,21.254822639707697,23,21.254822639707697,23,21.254822639707697
Bipolar disorder,68,4.0038915664615224,68,4.804669879753827,68,3.203113253169218,68,6.005837349692284,68,2.0019457832307612,68,4.0038915664615224,68,4.0038915664615224,68,4.0038915664615224,68,4.0038915664615224,68,4.0038915664615224,68,4.0038915664615224,68,4.0038915664615224,68,4.0038915664615224
Schizophrenia,42,7.408305591848266,42,8.88996671021792,42,5.926644473478613,42,11.1124583877724,42,3.704152795924133,42,7.408305591848266,42,7.408305591848266,42,7.408305591848266,42,7.408305591848266,42,7.408305591848266,42,7.408305591848266,42,7.408305591848266,42,7.408305591848266
Eating disorders,104,1.7015728959666856,104,2.0418874751600224,104,1.3612583167733485,104,2.5523593439500285,104,0.8507864479833428,104,1.7015728959666856,104,1.7015728959666856,104,1.7015728959666856,104,1.7015728959666856,104,1.7015728959666856,104,1.7015728959666856,104,1.7015728959666856,104,1.7015728959666856
Autism spectrum disorders,52,5.7720190403347225,52,6.926422848401667,52,4.617615232267778,52,8.658028560502084,52,2.8860095201673612,52,5.7720190403347225,52,5.7720190403347225,52,5.7720190403347225,52,5.7720190403347225,52,5.7720190403347225,52,5.7720190403347225,52,5.7720190403347225,52,5.7720190403347225
Attention-deficit/hyperactivity disorder,145,0.5154706756874807,145,0.6185648108249768,145,0.4123765405499846,145,0.7732060135312211,145,0.25773533784374036,145,0.5154706756874807,145,0.5154706756874807,145,0.5154706756874807,145,0.5154706756874807,145,0.5154706756874807,145,0.5154706756874807,145,0.5154706756874807,145,0.5154706756874807
Conduct disorder,81,2.5013071801885447,81,3.0015686162262534,81,2.001045744150836,81,3.751960770282817,81,1.2506535900942723,81,2.5013071801885447,81,2.5013071801885447,81,2.5013071801885447,81,2.5013071801885447,81,2.5013071801885447,81,2.5013071801885447,81,2.5013071801885447,81,2.5013071801885447
Idiopathic developmental intellectual disability,98,1.9053173277635809,98,2.286380793316297,98,1.5242538622108648,98,2.8579759916453713,98,0.9526586638817904,98,1.9053173277635809,98,1.9053173277635809,98,1.9053173277635809,98,1.9053173277635809,98,1.9053173277635809,98,1.9053173277635809,98,1.9053173277635809,98,1.9053173277635809
Other mental disorders,59,4.481171989813557,59,5.377406387776269,59,3.5849375918508457,59,6.721757984720336,59,2.2405859949067786,59,4.481171989813557,59,4.481171989813557,59,4.481171989813557,59,4.481171989813557,59,4.481171989813557,59,4.481171989813557,59,4.481171989813557,59,4.481171989813557
Alcohol use disorders,38,8.490492117145353,38,10.188590540574422,38,6.792393693716282,38,12.73573817571803,38,4.245246058572676,38,8.490492117145353,38,8.490492117145353,38,8.490492117145353,38,8.490492117145353,38,8.490492117145353,38,8.490492117145353,38,8.490492117145353,38,8.490492117145353
Drug use disorders,40,7.781080764153676,40,9.33729691698441,40,6.224864611322941,40,11.671621146230514,40,3.890540382076838,40,7.781080764153676,40,7.781080764153676,40,7.781080764153676,40,7.781080764153676,40,7.781080764153676,40,7.781080764153676,40,7.781080764153676,40,7.781080764153676
Diabetes mellitus,8,39.46929352519984,8,47.363152230239805,8,31.57543482015987,8,59.20394028779975,8,19.73464676259992,8,39.46929352519984,8,39.46929352519984,8,39.46929352519984,8,39.46929352519984,8,39.46929352519984,8,39.46929352519984,8,39.46929352519984,8,39.46929352519984
Chronic kidney disease,20,22.22684180525879,20,26.672210166310546,20,17.781473444207034,20,33.340262707888186,20,11.113420902629395,20,22.22684180525879,20,22.22684180525879,20,22.22684180525879,20,22.22684180525879,20,22.22684180525879,20,22.22684180525879,20,22.22684180525879,20,22.22684180525879
Acute glomerulonephritis,162,0.15615158532891724,162,0.18738190239470068,162,0.1249212682631338,162,0.23422737799337584,162,0.07807579266445862,162,0.15615158532891724,162,0.15615158532891724,162,0.15615158532891724,162,0.15615158532891724,162,0.15615158532891724,162,0.15615158532891724,162,0.15615158532891724,162,0.15615158532891724
Dermatitis,65,4.088550781894409,65,4.906260938273291,65,3.2708406255155276,65,6.1328261728416145,65,2.0442753909472047,65,4.088550781894409,65,4.088550781894409,65,4.088550781894409,65,4.088550781894409,65,4.088550781894409,65,4.088550781894409,65,4.088550781894409,65,4.088550781894409
Psoriasis,101,1.8449641280958429,101,2.2139569537150114,101,1.4759713024766743,101,2.7674461921437645,101,0.9224820640479214,101,1.8449641280958429,101,1.8449641280958429,101,1.8449641280958429,101,1.8449641280958429,101,1.8449641280958429,101,1.8449641280958429,101,1.8449641280958429,101,1.8449641280958429
Scabies,78,2.6577594940922293,78,3.189311392910675,78,2.1262075952737836,78,3.9866392411383442,78,1.3288797470461147,78,2.6577594940922293,78,2.6577594940922293,78,2.6577594940922293,78,2.6577594940922293,78,2.6577594940922293,78,2.6577594940922293,78,2.6577594940922293,78,2.6577594940922293
Fungal skin diseases,103,1.714748419151052,103,2.0576981029812624,103,1.3717987353208416,103,2.572122628726578,103,0.857374209575526,103,1.714748419151052,103,1.714748419151052,103,1.714748419151052,103,1.714748419151052,103,1.714748419151052,103,1.714748419151052,103,1.714748419151052,103,1.714748419151052
Viral skin diseases,93,2.099537513633799,93,2.5194450163605584,93,1.6796300109070392,93,3.1493062704506984,93,1.0497687568168994,93,2.099537513633799,93,2.099537513633799,93,2.099537513633799,93,2.099537513633799,93,2.099537513633799,93,2.099537513633799,93,2.099537513633799,93,2.099537513633799
Acne vulgaris,80,2.562736744433889,80,3.0752840933206667,80,2.050189395547111,80,3.8441051166508333,80,1.2813683722169444,80,2.562736744433889,80,2.562736744433889,80,2.562736744433889,80,2.562736744433889,80,2.562736744433889,80,2.562736744433889,80,2.562736744433889,80,2.562736744433889
Alopecia areata,155,0.28593013534039363,155,0.34311616240847237,155,0.22874410827231492,155,0.4288952030105905,155,0.14296506767019682,155,0.28593013534039363,155,0.28593013534039363,155,0.28593013534039363,155,0.28593013534039363,155,0.28593013534039363,155,0.28593013534039363,155,0.28593013534039363,155,0.28593013534039363
Pruritus,151,0.4255565251876556,151,0.5106678302251867,151,0.34044522015012446,151,0.6383347877814833,151,0.2127782625938278,151,0.4255565251876556,151,0.4255565251876556,151,0.4255565251876556,151,0.4255565251876556,151,0.4255565251876556,151,0.4255565251876556,151,0.4255565251876556,151,0.4255565251876556
Urticaria,97,1.990392838125254,97,2.388471405750305,97,1.5923142705002034,97,2.985589257187881,97,0.995196419062627,97,1.990392838125254,97,1.990392838125254,97,1.990392838125254,97,1.990392838125254,97,1.990392838125254,97,1.990392838125254,97,1.990392838125254,97,1.990392838125254
Decubitus ulcer,152,0.4018737018869113,152,0.48224844226429353,152,0.32149896150952906,152,0.6028105528303669,152,0.20093685094345565,152,0.4018737018869113,152,0.4018737018869113,152,0.4018737018869113,152,0.4018737018869113,152,0.4018737018869113,152,0.4018737018869113,152,0.4018737018869113,152,0.4018737018869113
Bacterial skin diseases,120,1.134711973749151,120,1.361654368498981,120,0.9077695789993208,120,1.7020679606237263,120,0.5673559868745754,120,1.134711973749151,120,1.134711973749151,120,1.134711973749151,120,1.134711973749151,120,1.134711973749151,120,1.134711973749151,120,1.134711973749151,120,1.134711973749151
Other skin and subcutaneous diseases,102,1.7652922741916504,102,2.1183507290299803,102,1.4122338193533204,102,2.6479384112874755,102,0.8826461370958252,102,1.7652922741916504,102,1.7652922741916504,102,1.7652922741916504,102,1.7652922741916504,102,1.7652922741916504,102,1.7652922741916504,102,1.7652922741916504,102,1.7652922741916504
Blindness and vision loss,27,14.58199636888522,27,17.498395642662263,27,11.665597095108176,27,21.87299455332783,27,7.29099818444261,27,14.58199636888522,27,14.58199636888522,27,14.58199636888522,27,14.58199636888522,27,14.58199636888522,27,14.58199636888522,27,14.58199636888522,27,14.58199636888522
Age-related and other hearing loss,21,22.224972036683564,21,26.669966444020275,21,17.779977629346853,21,33.337458055025344,21,11.112486018341782,21,22.224972036683564,21,22.224972036683564,21,22.224972036683564,21,22.224972036683564,21,22.224972036683564,21,22.224972036683564,21,22.224972036683564,21,22.224972036683564
Other sense organ diseases,100,1.8566780915451135,100,2.228013709854136,100,1.485342473236091,100,2.7850171373176704,100,0.9283390457725568,100,1.8566780915451135,100,1.8566780915451135,100,1.8566780915451135,100,1.8566780915451135,100,1.8566780915451135,100,1.8566780915451135,100,1.8566780915451135,100,1.8566780915451135
Low back pain,9,35.07848109324787,9,42.09417731189745,9,28.0627848745983,9,52.61772163987181,9,17.539240546623937,9,35.07848109324787,9,35.07848109324787,9,35.07848109324787,9,35.07848109324787,9,35.07848109324787,9,35.07848109324787,9,35.07848109324787,9,35.07848109324787
Neck pain,37,10.20774827749834,37,12.249297932998006,37,8.166198621998673,37,15.31162241624751,37,5.10387413874917,37,10.20774827749834,37,10.20774827749834,37,10.20774827749834,37,10.20774827749834,37,10.20774827749834,37,10.20774827749834,37,10.20774827749834,37,10.20774827749834
Osteoarthritis,35,10.652282908327692,35,12.78273948999323,35,8.521826326662154,35,15.978424362491538,35,5.326141454163846,35,10.652282908327692,35,10.652282908327692,35,10.652282908327692,35,10.652282908327692,35,10.652282908327692,35,10.652282908327692,35,10.652282908327692,35,10.652282908327692
Rheumatoid arthritis,108,1.5376515831713102,108,1.8451818998055722,108,1.2301212665370482,108,2.306477374756965,108,0.7688257915856551,108,1.5376515831713102,108,1.5376515831713102,108,1.5376515831713102,108,1.5376515831713102,108,1.5376515831713102,108,1.5376515831713102,108,1.5376515831713102,108,1.5376515831713102
Gout,124,0.8737731207917537,124,1.0485277449501045,124,0.699018496633403,124,1.3106596811876305,124,0.43688656039587687,124,0.8737731207917537,124,0.8737731207917537,124,0.8737731207917537,124,0.8737731207917537,124,0.8737731207917537,124,0.8737731207917537,124,0.8737731207917537,124,0.8737731207917537
Other musculoskeletal disorders,19,22.588912683917144,19,27.106695220700573,19,18.071130147133715,19,33.883369025875716,19,11.294456341958572,19,22.588912683917144,19,22.588912683917144,19,22.588912683917144,19,22.588912683917144,19,22.588912683917144,19,22.588912683917144,19,22.588912683917144,19,22.588912683917144
Congenital birth defects,14,26.16266634566234,14,31.39519961479481,14,20.930133076529874,14,39.24399951849351,14,13.08133317283117,14,26.16266634566234,14,26.16266634566234,14,26.16266634566234,14,26.16266634566234,14,26.16266634566234,14,26.16266634566234,14,26.16266634566234,14,26.16266634566234
Oral disorders,32,11.619710311918315,32,13.943652374301978,32,9.295768249534651,32,17.429565467877474,32,5.809855155959157,32,11.619710311918315,32,11.619710311918315,32,11.619710311918315,32,11.619710311918315,32,11.619710311918315,32,11.619710311918315,32,11.619710311918315,32,11.619710311918315
Sudden infant death syndrome,113,1.3730872463815746,113,1.6477046956578896,113,1.0984697971052597,113,2.059630869572362,113,0.6865436231907873,113,1.3730872463815746,113,1.3730872463815746,113,1.3730872463815746,113,1.3730872463815746,113,1.3730872463815746,113,1.3730872463815746,113,1.3730872463815746,113,1.3730872463815746
Urinary diseases and male infertility,53,5.676553946203769,53,6.811864735444522,53,4.541243156963016,53,8.514830919305654,53,2.8382769731018844,53,5.676553946203769,53,5.676553946203769,53,5.676553946203769,53,5.676553946203769,53,5.676553946203769,53,5.676553946203769,53,5.676553946203769,53,5.676553946203769
Gynecological diseases,28,13.868817946992813,28,16.642581536391376,28,11.09505435759425,28,20.80322692048922,28,6.9344089734964065,28,13.868817946992813,28,13.868817946992813,28,13.868817946992813,28,13.868817946992813,28,13.868817946992813,28,13.868817946992813,28,13.868817946992813,28,13.868817946992813
Hemoglobinopathies and hemolytic anemias,49,5.960207910271798,49,7.152249492326157,49,4.768166328217439,49,8.940311865407697,49,2.980103955135899,49,5.960207910271798,49,5.960207910271798,49,5.960207910271798,49,5.960207910271798,49,5.960207910271798,49,5.960207910271798,49,5.960207910271798,49,5.960207910271798
"Endocrine, metabolic, blood, and immune disorders",47,6.431373938939952,47,7.717648726727942,47,5.145099151151962,47,9.647060908409928,47,3.215686969469976,47,6.431373938939952,47,6.431373938939952,47,6.431373938939952,47,6.431373938939952,47,6.431373938939952,47,6.431373938939952,47,6.431373938939952,47,6.431373938939952
Road injuries,10,32.57182333089359,10,39.0861879970723,10,26.057458664714872,10,48.85773499634038,10,16.285911665446793,10,32.57182333089359,10,32.57182333089359,10,32.57182333089359,10,32.57182333089359,10,32.57182333089359,10,32.57182333089359,10,32.57182333089359,10,32.57182333089359
Other transport injuries,88,2.2429367990983184,88,2.691524158917982,88,1.7943494392786548,88,3.3644051986474777,88,1.1214683995491592,88,2.2429367990983184,88,2.2429367990983184,88,2.2429367990983184,88,2.2429367990983184,88,2.2429367990983184,88,2.2429367990983184,88,2.2429367990983184,88,2.2429367990983184
Falls,22,21.902061312117095,22,26.282473574540514,22,17.521649049693675,22,32.85309196817564,22,10.951030656058547,22,21.902061312117095,22,21.902061312117095,22,21.902061312117095,22,21.902061312117095,22,21.902061312117095,22,21.902061312117095,22,21.902061312117095,22,21.902061312117095
Drowning,39,7.8486426774266675,39,9.418371212912001,39,6.278914141941335,39,11.772964016140001,39,3.9243213387133338,39,7.8486426774266675,39,7.8486426774266675,39,7.8486426774266675,39,7.8486426774266675,39,7.8486426774266675,39,7.8486426774266675,39,7.8486426774266675,39,7.8486426774266675
"Fire, heat, and hot substances",63,4.235305745929932,63,5.082366895115919,63,3.388244596743946,63,6.352958618894899,63,2.117652872964966,63,4.235305745929932,63,4.235305745929932,63,4.235305745929932,63,4.235305745929932,63,4.235305745929932,63,4.235305745929932,63,4.235305745929932,63,4.235305745929932
Poisonings,110,1.4404787799552026,110,1.728574535946243,110,1.1523830239641621,110,2.160718169932804,110,0.7202393899776013,110,1.4404787799552026,110,1.4404787799552026,110,1.4404787799552026,110,1.4404787799552026,110,1.4404787799552026,110,1.4404787799552026,110,1.4404787799552026,110,1.4404787799552026
Exposure to mechanical forces,56,5.157815426412838,56,6.189378511695405,56,4.126252341130271,56,7.736723139619256,56,2.578907713206419,56,5.157815426412838,56,5.157815426412838,56,5.157815426412838,56,5.157815426412838,56,5.157815426412838,56,5.157815426412838,56,5.157815426412838,56,5.157815426412838
Adverse effects of medical treatment,85,2.4234904674423117,85,2.908188560930774,85,1.9387923739538495,85,3.6352357011634675,85,1.2117452337211558,85,2.4234904674423117,85,2.4234904674423117,85,2.4234904674423117,85,2.4234904674423117,85,2.4234904674423117,85,2.4234904674423117,85,2.4234904674423117,85,2.4234904674423117
Animal contact,83,2.4443547280419353,83,2.9332256736503224,83,1.9554837824335483,83,3.666532092062903,83,1.2221773640209677,83,2.4443547280419353,83,2.4443547280419353,83,2.4443547280419353,83,2.4443547280419353,83,2.4443547280419353,83,2.4443547280419353,83,2.4443547280419353,83,2.4443547280419353
Foreign body,77,2.8330513581790147,77,3.3996616298148177,77,2.2664410865432116,77,4.249577037268522,77,1.4165256790895073,77,2.8330513581790147,77,2.8330513581790147,77,2.8330513581790147,77,2.8330513581790147,77,2.8330513581790147,77,2.8330513581790147,77,2.8330513581790147,77,2.8330513581790147
Environmental heat and cold exposure,127,0.841623752277519,127,1.0099485027330226,127,0.6732990018220152,127,1.2624356284162785,127,0.4208118761387595,127,0.841623752277519,127,0.841623752277519,127,0.841623752277519,127,0.841623752277519,127,0.841623752277519,127,0.841623752277519,127,0.841623752277519,127,0.841623752277519
Other unintentional injuries,61,4.386906045903413,61,5.264287255084096,61,3.509524836722731,61,6.58035906885512,61,2.1934530229517066,61,4.386906045903413,61,4.386906045903413,61,4.386906045903413,61,4.386906045903413,61,4.386906045903413,61,4.386906045903413,61,4.386906045903413,61,4.386906045903413
Self-harm,25,16.762545647409077,25,20.11505477689089,25,13.410036517927262,25,25.143818471113615,25,8.381272823704538,25,16.762545647409077,25,16.762545647409077,25,16.762545647409077,25,16.762545647409077,25,16.762545647409077,25,16.762545647409077,25,16.762545647409077,25,16.762545647409077
Interpersonal violence,29,13.414803300744794,29,16.09776396089375,29,10.731842640595836,29,20.12220495111719,29,6.707401650372397,29,13.414803300744794,29,13.414803300744794,29,13.414803300744794,29,13.414803300744794,29,13.414803300744794,29,13.414803300744794,29,13.414803300744794,29,13.414803300744794
Conflict and terrorism,62,4.363911593477893,62,5.236693912173472,62,3.491129274782315,62,6.54586739021684,62,2.1819557967389467,62,4.363911593477893,62,4.363911593477893,62,4.363911593477893,62,4.363911593477893,62,4.363911593477893,62,4.363911593477893,62,4.363911593477893,62,4.363911593477893
Police conflict and executions,146,0.5059559898715584,146,0.6071471878458701,146,0.4047647918972468,146,0.7589339848073376,146,0.2529779949357792,146,0.5059559898715584,146,0.5059559898715584,146,0.5059559898715584,146,0.5059559898715584,146,0.5059559898715584,146,0.5059559898715584,146,0.5059559898715584,146,0.5059559898715584
Exposure to forces of nature,143,0.5462551861930977,143,0.6555062234317172,143,0.43700414895447814,143,0.8193827792896464,143,0.2731275930965488,143,0.5462551861930977,143,0.5462551861930977,143,0.5462551861930977,143,0.5462551861930977,143,0.5462551861930977,143,0.5462551861930977,143,0.5462551861930977,143,0.5462551861930977
_GENOMICS,176,0.0,176,0.0,176,0.0,176,0.0,176,0.0,176,0.0,176,0.0,176,0.0,176,0.0,176,0.0,176,0.0,176,0.0,176,0.0
_BIOBANK_METHODS,177,0.0,177,0.0,177,0.0,177,0.0,177,0.0,177,0.0,177,0.0,177,0.0,177,0.0,177,0.0,177,0.0,177,0.0,177,0.0
_IMAGING,174,0.0,174,0.0,174,0.0,174,0.0,174,0.0,174,0.0,174,0.0,174,0.0,174,0.0,174,0.0,174,0.0,174,0.0,174,0.0
_AGING,179,0.0,179,0.0,179,0.0,179,0.0,179,0.0,179,0.0,179,0.0,179,0.0,179,0.0,179,0.0,179,0.0,179,0.0,179,0.0
